<?xml version="1.0" encoding="UTF-8"?>
<metadata xml:lang="en"><Esri><CreaDate>20140520</CreaDate><CreaTime>00224800</CreaTime><ArcGISFormat>1.0</ArcGISFormat><SyncOnce>TRUE</SyncOnce><ModDate>20140520</ModDate><ModTime>002248</ModTime></Esri><toolbox name="validatorExConverted" alias=""><arcToolboxHelpPath>c:\program files (x86)\arcgis\desktop10.2\Help\gp</arcToolboxHelpPath><toolsets/></toolbox><dataIdInfo><idCitation><resTitle>validatorExConverted</resTitle></idCitation></dataIdInfo><distInfo><distributor><distorFormat><formatName>ArcToolbox Toolbox</formatName></distorFormat></distributor></distInfo></metadata>
